fpl_code,understat_id,match_method,confidence,verified_by,verified_ts
462424,6888,exact_normalised_name_team,high,,
466075,8129,exact_normalised_name_team,high,,
445122,11707,exact_normalised_name_team,high,,
499169,12272,exact_normalised_name_team,high,,
223340,7322,exact_normalised_name_team,high,,
248857,11357,exact_normalised_name_team,high,,
116216,7698,exact_normalised_name_team,high,,
204480,5553,exact_normalised_name_team,high,,
128295,7083,exact_normalised_name_team,high,,
499175,11132,exact_normalised_name_team,high,,
219847,5220,exact_normalised_name_team,high,,
500040,10024,exact_normalised_name_team,high,,
224117,7254,exact_normalised_name_team,high,,
616077,13872,exact_normalised_name_team,high,,
448104,9911,exact_normalised_name_team,high,,
72147,9614,exact_normalised_name_team,high,,
101188,1823,exact_normalised_name_team,high,,
199798,7726,exact_normalised_name_team,high,,
441302,11807,exact_normalised_name_team,high,,
149484,1024,exact_normalised_name_team,high,,
244954,6221,exact_normalised_name_team,high,,
606798,13392,exact_normalised_name_team,high,,
515597,10025,exact_normalised_name_team,high,,
244850,12412,exact_normalised_name_team,high,,
166989,5956,exact_normalised_name_team,high,,
215711,5221,exact_normalised_name_team,high,,
204646,9749,exact_normalised_name_team,high,,
122806,7723,exact_normalised_name_team,high,,
88894,592,exact_normalised_name_team,high,,
226944,5789,exact_normalised_name_team,high,,
449871,9667,exact_normalised_name_team,high,,
178301,8865,exact_normalised_name_team,high,,
209243,6345,exact_normalised_name_team,high,,
645618,13870,exact_normalised_name_team,high,,
184667,6080,exact_normalised_name_team,high,,
577285,14193,exact_normalised_name_team,high,,
173879,702,exact_normalised_name_team,high,,
58621,638,exact_normalised_name_team,high,,
478969,11704,exact_normalised_name_team,high,,
477717,9487,exact_normalised_name_team,high,,
494960,13727,exact_normalised_name_team,high,,
461188,11243,exact_normalised_name_team,high,,
519895,13726,exact_normalised_name_team,high,,
180804,934,exact_normalised_name_team,high,,
208912,10756,exact_normalised_name_team,high,,
444180,10746,exact_normalised_name_team,high,,
179458,5355,exact_normalised_name_team,high,,
172567,1018,exact_normalised_name_team,high,,
174592,13730,exact_normalised_name_team,high,,
465527,9558,exact_normalised_name_team,high,,
167887,13728,exact_normalised_name_team,high,,
469272,9977,exact_normalised_name_team,high,,
551206,14281,exact_normalised_name_team,high,,
431639,13729,exact_normalised_name_team,high,,
492831,11701,exact_normalised_name_team,high,,
435973,7498,exact_normalised_name_team,high,,
44699,4422,exact_normalised_name_team,high,,
67089,6532,exact_normalised_name_team,high,,
440323,8384,exact_normalised_name_team,high,,
54469,825,exact_normalised_name_team,high,,
494521,8640,exact_normalised_name_team,high,,
463981,10747,exact_normalised_name_team,high,,
222683,6963,exact_normalised_name_team,high,,
201658,10741,exact_normalised_name_team,high,,
200785,7352,exact_normalised_name_team,high,,
111317,6820,exact_normalised_name_team,high,,
158499,10744,exact_normalised_name_team,high,,
155408,1789,exact_normalised_name_team,high,,
503139,12149,exact_normalised_name_team,high,,
606775,13242,exact_normalised_name_team,high,,
168636,6219,exact_normalised_name_team,high,,
242882,7268,exact_normalised_name_team,high,,
489888,8211,exact_normalised_name_team,high,,
620487,14027,exact_normalised_name_team,high,,
614574,14374,exact_normalised_name_team,high,,
200641,6492,exact_normalised_name_team,high,,
533463,9662,exact_normalised_name_team,high,,
200720,7904,exact_normalised_name_team,high,,
432830,9733,exact_normalised_name_team,high,,
249231,10809,exact_normalised_name_team,high,,
191866,9677,exact_normalised_name_team,high,,
194010,9679,exact_normalised_name_team,high,,
607464,11281,exact_normalised_name_team,high,,
231065,9678,exact_normalised_name_team,high,,
444765,10721,exact_normalised_name_team,high,,
472713,8942,exact_normalised_name_team,high,,
513418,9156,exact_normalised_name_team,high,,
440089,8859,exact_normalised_name_team,high,,
543295,13780,exact_normalised_name_team,high,,
56979,605,exact_normalised_name_team,high,,
204580,9680,exact_normalised_name_team,high,,
207283,7166,exact_normalised_name_team,high,,
428580,9681,exact_normalised_name_team,high,,
606689,14217,exact_normalised_name_team,high,,
450539,10205,exact_normalised_name_team,high,,
183656,10405,exact_normalised_name_team,high,,
593174,14356,exact_normalised_name_team,high,,
489639,11711,exact_normalised_name_team,high,,
204120,3645,exact_normalised_name_team,high,,
550090,10169,exact_normalised_name_team,high,,
465730,13711,exact_normalised_name_team,high,,
83299,6048,exact_normalised_name_team,high,,
469142,10807,exact_normalised_name_team,high,,
111478,8780,exact_normalised_name_team,high,,
463067,6937,exact_normalised_name_team,high,,
109345,6049,exact_normalised_name_team,high,,
592031,12759,exact_normalised_name_team,high,,
513433,11310,exact_normalised_name_team,high,,
532529,11269,exact_normalised_name_team,high,,
219249,13206,exact_normalised_name_team,high,,
509416,11385,exact_normalised_name_team,high,,
535301,10527,exact_normalised_name_team,high,,
15157,489,exact_normalised_name_team,high,,
549074,14029,exact_normalised_name_team,high,,
467779,12758,exact_normalised_name_team,high,,
567121,13399,exact_normalised_name_team,high,,
50175,501,exact_normalised_name_team,high,,
608181,14028,exact_normalised_name_team,high,,
647850,14118,exact_normalised_name_team,high,,
556637,14127,exact_normalised_name_team,high,,
60307,239,exact_normalised_name_team,high,,
597320,13584,exact_normalised_name_team,high,,
508479,9272,exact_normalised_name_team,high,,
225796,8067,exact_normalised_name_team,high,,
180736,6615,exact_normalised_name_team,high,,
482609,9017,exact_normalised_name_team,high,,
242880,7240,exact_normalised_name_team,high,,
444463,7589,exact_normalised_name_team,high,,
574458,11253,exact_normalised_name_team,high,,
109646,5590,exact_normalised_name_team,high,,
577016,12535,exact_normalised_name_team,high,,
244851,8497,exact_normalised_name_team,high,,
448047,11356,exact_normalised_name_team,high,,
463936,10542,exact_normalised_name_team,high,,
514356,10004,exact_normalised_name_team,high,,
463034,8868,exact_normalised_name_team,high,,
551210,13776,exact_normalised_name_team,high,,
619734,14584,exact_normalised_name_team,high,,
567119,13476,exact_normalised_name_team,high,,
172649,7702,exact_normalised_name_team,high,,
121709,5652,exact_normalised_name_team,high,,
437499,8853,exact_normalised_name_team,high,,
244723,8214,exact_normalised_name_team,high,,
218364,7075,exact_normalised_name_team,high,,
427623,8430,exact_normalised_name_team,high,,
57328,603,exact_normalised_name_team,high,,
232185,5675,exact_normalised_name_team,high,,
606921,13387,exact_normalised_name_team,high,,
108413,6104,exact_normalised_name_team,high,,
209400,6145,exact_normalised_name_team,high,,
496221,12409,exact_normalised_name_team,high,,
489706,13038,exact_normalised_name_team,high,,
530318,11033,exact_normalised_name_team,high,,
231747,5735,exact_normalised_name_team,high,,
205533,6482,exact_normalised_name_team,high,,
199670,3697,exact_normalised_name_team,high,,
590014,13777,exact_normalised_name_team,high,,
651426,13091,exact_normalised_name_team,high,,
660392,12726,exact_normalised_name_team,high,,
672492,14263,exact_normalised_name_team,high,,
215413,9739,exact_normalised_name_team,high,,
111234,741,exact_normalised_name_team,high,,
480455,8476,exact_normalised_name_team,high,,
17761,1665,exact_normalised_name_team,high,,
224967,10291,exact_normalised_name_team,high,,
512462,12014,exact_normalised_name_team,high,,
59949,585,exact_normalised_name_team,high,,
106611,1653,exact_normalised_name_team,high,,
243571,10292,exact_normalised_name_team,high,,
440993,9307,exact_normalised_name_team,high,,
433154,6756,exact_normalised_name_team,high,,
232928,7438,exact_normalised_name_team,high,,
490094,9554,exact_normalised_name_team,high,,
609873,12757,exact_normalised_name_team,high,,
586309,12916,exact_normalised_name_team,high,,
114283,675,exact_normalised_name_team,high,,
496661,10586,exact_normalised_name_team,high,,
513466,11331,exact_normalised_name_team,high,,
80201,181,exact_normalised_name_team,high,,
169528,8940,exact_normalised_name_team,high,,
174874,6314,exact_normalised_name_team,high,,
232892,11728,exact_normalised_name_team,high,,
166477,6157,exact_normalised_name_team,high,,
219924,3203,exact_normalised_name_team,high,,
167074,5973,exact_normalised_name_team,high,,
153133,500,exact_normalised_name_team,high,,
184349,6837,exact_normalised_name_team,high,,
153682,5596,exact_normalised_name_team,high,,
207189,8285,exact_normalised_name_team,high,,
76357,6835,exact_normalised_name_team,high,,
212314,1537,exact_normalised_name_team,high,,
153366,910,exact_normalised_name_team,high,,
218328,7208,exact_normalised_name_team,high,,
631786,13262,exact_normalised_name_team,high,,
59735,780,exact_normalised_name_team,high,,
226182,9205,exact_normalised_name_team,high,,
222694,8717,exact_normalised_name_team,high,,
434752,6807,exact_normalised_name_team,high,,
437738,7791,exact_normalised_name_team,high,,
113564,902,exact_normalised_name_team,high,,
243526,9944,exact_normalised_name_team,high,,
214225,6377,exact_normalised_name_team,high,,
427637,10751,exact_normalised_name_team,high,,
492859,11155,exact_normalised_name_team,high,,
221399,8720,exact_normalised_name_team,high,,
200617,5595,exact_normalised_name_team,high,,
199598,6369,exact_normalised_name_team,high,,
486520,8000,exact_normalised_name_team,high,,
235826,13835,exact_normalised_name_team,high,,
174594,6544,exact_normalised_name_team,high,,
180135,7078,exact_normalised_name_team,high,,
466525,9910,exact_normalised_name_team,high,,
177815,5555,exact_normalised_name_team,high,,
435997,11966,exact_normalised_name_team,high,,
220627,7753,exact_normalised_name_team,high,,
449027,9693,exact_normalised_name_team,high,,
155503,852,exact_normalised_name_team,high,,
216094,9328,exact_normalised_name_team,high,,
544877,11709,exact_normalised_name_team,high,,
122798,1688,exact_normalised_name_team,high,,
97032,833,exact_normalised_name_team,high,,
204716,6326,exact_normalised_name_team,high,,
492777,10120,exact_normalised_name_team,high,,
118748,1250,exact_normalised_name_team,high,,
494595,8397,exact_normalised_name_team,high,,
243298,11296,exact_normalised_name_team,high,,
223541,1433,exact_normalised_name_team,high,,
243016,8379,exact_normalised_name_team,high,,
424876,9788,exact_normalised_name_team,high,,
206915,6665,exact_normalised_name_team,high,,
441266,10697,exact_normalised_name_team,high,,
219168,5232,exact_normalised_name_team,high,,
510663,8995,exact_normalised_name_team,high,,
611922,13692,exact_normalised_name_team,high,,
432720,9077,exact_normalised_name_team,high,,
477424,9790,exact_normalised_name_team,high,,
126184,579,exact_normalised_name_team,high,,
465351,11000,exact_normalised_name_team,high,,
97299,586,exact_normalised_name_team,high,,
477064,10847,exact_normalised_name_team,high,,
472769,11592,exact_normalised_name_team,high,,
438234,8393,exact_normalised_name_team,high,,
209244,6055,exact_normalised_name_team,high,,
248875,8981,exact_normalised_name_team,high,,
91651,2254,exact_normalised_name_team,high,,
433036,11965,exact_normalised_name_team,high,,
223094,8260,exact_normalised_name_team,high,,
204936,1116,exact_normalised_name_team,high,,
590039,14055,exact_normalised_name_team,high,,
494307,13298,exact_normalised_name_team,high,,
446008,6552,exact_normalised_name_team,high,,
209365,7902,exact_normalised_name_team,high,,
221820,10802,exact_normalised_name_team,high,,
230001,10696,exact_normalised_name_team,high,,
596777,11944,exact_normalised_name_team,high,,
95658,1687,exact_normalised_name_team,high,,
106760,1006,exact_normalised_name_team,high,,
550864,10564,exact_normalised_name_team,high,,
547676,13467,exact_normalised_name_team,high,,
606745,13080,exact_normalised_name_team,high,,
222690,10803,exact_normalised_name_team,high,,
184341,7768,exact_normalised_name_team,high,,
516895,11174,exact_normalised_name_team,high,,
547037,13150,exact_normalised_name_team,high,,
458249,8044,exact_normalised_name_team,high,,
485711,11974,exact_normalised_name_team,high,,
465247,14056,exact_normalised_name_team,high,,
576628,14198,exact_normalised_name_team,high,,
576620,14266,exact_normalised_name_team,high,,
519913,14272,exact_normalised_name_team,high,,
232653,8941,exact_normalised_name_team,high,,
216646,5786,exact_normalised_name_team,high,,
98747,5552,exact_normalised_name_team,high,,
487838,10216,exact_normalised_name_team,high,,
119471,76,exact_normalised_name_team,high,,
220237,8635,exact_normalised_name_team,high,,
78916,7382,exact_normalised_name_team,high,,
77794,652,exact_normalised_name_team,high,,
111773,1545,exact_normalised_name_team,high,,
101148,766,exact_normalised_name_team,high,,
545477,12199,exact_normalised_name_team,high,,
232826,8150,exact_normalised_name_team,high,,
449434,9524,exact_normalised_name_team,high,,
201666,6681,exact_normalised_name_team,high,,
114243,6063,exact_normalised_name_team,high,,
432422,7958,exact_normalised_name_team,high,,
200089,6630,exact_normalised_name_team,high,,
547719,11386,exact_normalised_name_team,high,,
538207,9556,exact_normalised_name_team,high,,
599303,13532,exact_normalised_name_team,high,,
225321,5603,exact_normalised_name_team,high,,
465642,8378,exact_normalised_name_team,high,,
470313,8117,exact_normalised_name_team,high,,
206325,2958,exact_normalised_name_team,high,,
88248,8786,exact_normalised_name_team,high,,
432714,10126,exact_normalised_name_team,high,,
85633,6903,exact_normalised_name_team,high,,
227444,6174,exact_normalised_name_team,high,,
159506,725,exact_normalised_name_team,high,,
215136,8204,exact_normalised_name_team,high,,
549067,13306,exact_normalised_name_team,high,,
222531,6857,exact_normalised_name_team,high,,
209046,6456,exact_normalised_name_team,high,,
215379,9154,exact_normalised_name_team,high,,
250199,8252,exact_normalised_name_team,high,,
210462,5722,exact_normalised_name_team,high,,
204968,11003,exact_normalised_name_team,high,,
60689,4456,exact_normalised_name_team,high,,
210156,7814,exact_normalised_name_team,high,,
456512,8662,exact_normalised_name_team,high,,
107265,5544,exact_normalised_name_team,high,,
503301,10348,exact_normalised_name_team,high,,
500151,12905,exact_normalised_name_team,high,,
476887,8920,exact_normalised_name_team,high,,
469130,11936,exact_normalised_name_team,high,,
470315,8401,exact_normalised_name_team,high,,
487676,13713,exact_normalised_name_team,high,,
461195,8537,exact_normalised_name_team,high,,
167512,14099,exact_normalised_name_team,high,,
519634,13714,exact_normalised_name_team,high,,
535818,11710,exact_normalised_name_team,high,,
547027,9767,exact_normalised_name_team,high,,
124165,925,exact_normalised_name_team,high,,
484420,8651,exact_normalised_name_team,high,,
461199,11461,exact_normalised_name_team,high,,
223336,13720,exact_normalised_name_team,high,,
554197,13719,exact_normalised_name_team,high,,
577669,13716,exact_normalised_name_team,high,,
549912,13717,exact_normalised_name_team,high,,
437505,7148,exact_normalised_name_team,high,,
84450,204,exact_normalised_name_team,high,,
498016,13712,exact_normalised_name_team,high,,
105717,1760,exact_normalised_name_team,high,,
201895,8986,exact_normalised_name_team,high,,
200834,5659,exact_normalised_name_team,high,,
247955,13064,exact_normalised_name_team,high,,
441264,9789,exact_normalised_name_team,high,,
110504,695,exact_normalised_name_team,high,,
699989,14460,exact_normalised_name_team,high,,
515046,14425,exact_normalised_name_team,high,,
536661,14424,exact_normalised_name_team,high,,
184254,8858,exact_normalised_name_team,high,,
485055,13348,exact_normalised_name_team,high,,
221632,7218,exact_normalised_name_team,high,,
135720,5261,exact_normalised_name_team,high,,
115556,660,exact_normalised_name_team,high,,
493125,9105,exact_normalised_name_team,high,,
232859,10764,exact_normalised_name_team,high,,
491279,10050,exact_normalised_name_team,high,,
172780,6818,exact_normalised_name_team,high,,
460842,12027,exact_normalised_name_team,high,,
511499,9780,exact_normalised_name_team,high,,
202993,6108,exact_normalised_name_team,high,,
570526,12912,exact_normalised_name_team,high,,
227127,5609,exact_normalised_name_team,high,,
550839,10822,exact_normalised_name_team,high,,
547701,10184,exact_normalised_name_team,high,,
499726,13224,exact_normalised_name_team,high,,
490145,9332,exact_normalised_name_team,high,,
493362,8700,exact_normalised_name_team,high,,
247693,5743,exact_normalised_name_team,high,,
640419,14134,exact_normalised_name_team,high,,
499716,14176,exact_normalised_name_team,high,,
232787,9040,exact_normalised_name_team,high,,
84182,2310,exact_normalised_name_team,high,,
613804,13723,exact_normalised_name_team,high,,
233963,6722,exact_normalised_name_team,high,,
462116,6816,exact_normalised_name_team,high,,
214590,5584,exact_normalised_name_team,high,,
215439,8288,exact_normalised_name_team,high,,
450070,9492,exact_normalised_name_team,high,,
197024,8267,exact_normalised_name_team,high,,
490885,12474,exact_normalised_name_team,high,,
229384,12774,exact_normalised_name_team,high,,
490142,13724,exact_normalised_name_team,high,,
178186,1776,exact_normalised_name_team,high,,
91889,6098,exact_normalised_name_team,high,,
565431,12359,exact_normalised_name_team,high,,
158534,885,exact_normalised_name_team,high,,
75115,468,exact_normalised_name_team,high,,
467189,12910,exact_normalised_name_team,high,,
564940,10770,exact_normalised_name_team,high,,
602903,13247,exact_normalised_name_team,high,,
630699,14219,exact_normalised_name_team,high,,
247670,10948,exact_normalised_name_team,high,,
220362,6885,exact_normalised_name_team,high,,
101982,978,exact_normalised_name_team,high,,
79602,11361,exact_normalised_name_team,high,,
516939,10856,exact_normalised_name_team,high,,
87835,6852,exact_normalised_name_team,high,,
441271,8351,exact_normalised_name_team,high,,
231057,7762,exact_normalised_name_team,high,,
433312,7908,exact_normalised_name_team,high,,
497606,12234,exact_normalised_name_team,high,,
596054,13220,exact_normalised_name_team,high,,
429414,8812,exact_normalised_name_team,high,,
230376,13741,exact_normalised_name_team,high,,
497949,13740,exact_normalised_name_team,high,,
523705,12113,exact_normalised_name_team,high,,
431248,12721,exact_normalised_name_team,high,,
488213,8875,exact_normalised_name_team,high,,
647671,13484,exact_normalised_name_team,high,,
685628,14394,exact_normalised_name_team,high,,
209041,5598,exact_normalised_name_team,high,,
155511,4419,exact_normalised_name_team,high,,
232413,8706,exact_normalised_name_only_unique,high,,
444884,7546,exact_normalised_name_only_unique,high,,
101178,843,exact_normalised_name_only_unique,high,,
242898,10760,exact_normalised_name_only_unique,high,,
247412,11070,exact_normalised_name_only_unique,high,,
485337,8006,exact_normalised_name_only_unique,high,,
550615,12573,exact_normalised_name_only_unique,high,,
477555,11903,exact_normalised_name_only_unique,high,,
536916,11362,exact_normalised_name_only_unique,high,,
437730,11363,exact_normalised_name_only_unique,high,,
209036,7603,exact_normalised_name_only_unique,high,,
184029,2517,fuzzy_0.966,medium,,
444145,7752,fuzzy_0.857,medium,,
481655,7526,fuzzy_0.821,medium,,
98980,4401,fuzzy_0.829,medium,,
195546,2203,fuzzy_0.842,medium,,
559962,13310,fuzzy_0.857,medium,,
518030,13731,fuzzy_0.875,medium,,
457569,12032,fuzzy_0.857,medium,,
560262,11504,fuzzy_0.867,medium,,
507433,12595,fuzzy_0.878,medium,,
508395,11772,fuzzy_0.933,medium,,
231416,13066,fuzzy_0.963,medium,,
215059,9098,fuzzy_0.824,medium,,
491007,13094,fuzzy_0.828,medium,,
152551,2182,fuzzy_0.833,medium,,
502697,11297,fuzzy_0.824,medium,,
80801,668,fuzzy_0.839,medium,,
209289,7230,fuzzy_0.968,medium,,
577725,12410,fuzzy_0.900,medium,,
171287,987,fuzzy_0.857,medium,,
448514,6674,fuzzy_0.966,medium,,
578153,11763,fuzzy_0.944,medium,,
451302,12054,fuzzy_0.923,medium,,
441191,9512,fuzzy_0.857,medium,,
465680,8056,fuzzy_0.829,medium,,
223827,13715,fuzzy_0.880,medium,,
210494,6935,fuzzy_0.870,medium,,
536109,12358,fuzzy_0.889,medium,,
